<?xml version = '1.0' encoding = 'UTF-8'?>
<FKIndexAssociation class="oracle.dbtools.crest.model.design.relational.FKIndexAssociation" directorySegmentName="seg_0" id="32A268D3-10E2-4BD6-688E-730504DA1BE7" containerWithKeyObject="8A76C466-4066-4C6E-0E4E-B505213AA04E" localFKIndex="59621F4C-97AB-33AC-A710-B772E89D7F5A" name="COMUNA_CIUDAD_FK">
<createdBy>lilianatapia</createdBy>
<createdTime>2024-09-21 01:43:55 UTC</createdTime>
<generatorID>486EF22D-EF6B-5771-C324-D9BC5246EAC4</generatorID>
<ownerDesignName>Municipalidad_valdivia</ownerDesignName>
<referredTableLongName>CIUDAD</referredTableLongName>
<deleteRule>NO ACTION</deleteRule>
<referredTableID>8A2FEB8D-4312-342B-2A8A-9640A2FB9914</referredTableID>
<keyObject>F0ED5957-A187-FAD5-3EDE-E08A41258643</keyObject>
<referredKeyID>F0ED5957-A187-FAD5-3EDE-E08A41258643</referredKeyID>
<mandatory>true</mandatory>
<refColNames>id_ciudad</refColNames>
<transferable>true</transferable>
<rely>false</rely>
<columnDependencyConstraintGenerateInDDL>true</columnDependencyConstraintGenerateInDDL>
</FKIndexAssociation>