<?xml version = '1.0' encoding = 'UTF-8'?>
<FKIndexAssociation class="oracle.dbtools.crest.model.design.relational.FKIndexAssociation" directorySegmentName="seg_0" id="989CD926-AE3A-30E9-6DA5-BF37DB0AE37C" containerWithKeyObject="8A2FEB8D-4312-342B-2A8A-9640A2FB9914" localFKIndex="AECAA52B-3F95-D8C4-2F9D-7ADAAEB5B40E" name="CIUDAD_REGION_FK">
<createdBy>lilianatapia</createdBy>
<createdTime>2024-09-21 01:43:55 UTC</createdTime>
<generatorID>B0FEB14B-BB3A-D466-88AF-D15578250AD0</generatorID>
<ownerDesignName>Municipalidad_valdivia</ownerDesignName>
<referredTableLongName>REGION</referredTableLongName>
<deleteRule>NO ACTION</deleteRule>
<referredTableID>B9B0B003-52AC-45AE-C5B4-9ACBB7584595</referredTableID>
<keyObject>896493F4-F7C8-3082-DF6A-DF1352A6A9A1</keyObject>
<referredKeyID>896493F4-F7C8-3082-DF6A-DF1352A6A9A1</referredKeyID>
<mandatory>true</mandatory>
<refColNames>id_region</refColNames>
<transferable>true</transferable>
<rely>false</rely>
<columnDependencyConstraintGenerateInDDL>true</columnDependencyConstraintGenerateInDDL>
</FKIndexAssociation>