<?xml version = '1.0' encoding = 'UTF-8'?>
<FKIndexAssociation class="oracle.dbtools.crest.model.design.relational.FKIndexAssociation" directorySegmentName="seg_0" id="A169AAB4-1014-FDE2-4855-83CC3A208F5E" containerWithKeyObject="D18E549B-24BA-430C-AA37-DF4CA737EBB0" localFKIndex="F4432D3E-2B55-A920-9CFC-94E52C732901" name="EMPLEADO_COMUNA_FK">
<createdBy>lilianatapia</createdBy>
<createdTime>2024-09-21 01:43:55 UTC</createdTime>
<generatorID>3F25382B-5418-98D2-2C07-42B3A5BABC68</generatorID>
<ownerDesignName>Municipalidad_valdivia</ownerDesignName>
<referredTableLongName>COMUNA</referredTableLongName>
<deleteRule>NO ACTION</deleteRule>
<referredTableID>8A76C466-4066-4C6E-0E4E-B505213AA04E</referredTableID>
<keyObject>BEFAA168-084B-7049-F306-1D84F7CA22B8</keyObject>
<referredKeyID>BEFAA168-084B-7049-F306-1D84F7CA22B8</referredKeyID>
<mandatory>true</mandatory>
<refColNames>codigo_comuna</refColNames>
<transferable>true</transferable>
<rely>false</rely>
<columnDependencyConstraintGenerateInDDL>true</columnDependencyConstraintGenerateInDDL>
</FKIndexAssociation>