<?xml version = '1.0' encoding = 'UTF-8'?>
<Diagram class="oracle.dbtools.crest.swingui.relational.DPVRelational" name="Relational_1" id="0BAACE91-4CDB-8A6C-E745-1EA7A3F1C47D">
<createdBy>lilianatapia</createdBy>
<modifiedBy>lilianatapia</modifiedBy>
<createdTime>2024-09-21 01:43:54 UTC</createdTime>
<autoRoute>false</autoRoute>
<boxInbox>true</boxInbox>
<showLegend>false</showLegend>
<showLabels>false</showLabels>
<showRelAttributes>false</showRelAttributes>
<gridEnabled>false</gridEnabled>
<showGrid>false</showGrid>
<diagramColor>-1</diagramColor>
<display>false</display>
<notation>1</notation>
<objectViews>
<OView class="oracle.dbtools.crest.swingui.relational.TVTable" oid="8A2FEB8D-4312-342B-2A8A-9640A2FB9914" otype="Table" vid="80B532FF-A8FB-9189-4A65-9AB26777F209">
<hideElementsInCurrentOnly>false</hideElementsInCurrentOnly>
<bounds x="122" y="372" width="271" height="129"/>
</OView>
<OView class="oracle.dbtools.crest.swingui.relational.TVTable" oid="8A76C466-4066-4C6E-0E4E-B505213AA04E" otype="Table" vid="711374A3-4773-40DB-0EEE-D480FC3D0E7B">
<hideElementsInCurrentOnly>false</hideElementsInCurrentOnly>
<bounds x="554" y="346" width="257" height="141"/>
</OView>
<OView class="oracle.dbtools.crest.swingui.relational.TVTable" oid="B9B0B003-52AC-45AE-C5B4-9ACBB7584595" otype="Table" vid="FE3DD51A-FA50-3B36-A575-03A5B89FB805">
<hideElementsInCurrentOnly>false</hideElementsInCurrentOnly>
<bounds x="129" y="85" width="226" height="162"/>
</OView>
<OView class="oracle.dbtools.crest.swingui.relational.TVTable" oid="D18E549B-24BA-430C-AA37-DF4CA737EBB0" otype="Table" vid="CD589C50-4C22-4278-9E29-3F3D3E33405A">
<hideElementsInCurrentOnly>false</hideElementsInCurrentOnly>
<bounds x="530" y="81" width="285" height="164"/>
</OView>
</objectViews>
<connectors>
<Connector class="oracle.dbtools.crest.swingui.relational.TVFKRelation" oid="32A268D3-10E2-4BD6-688E-730504DA1BE7" otype="FKIndexAssociation" vid_source="80B532FF-A8FB-9189-4A65-9AB26777F209" vid_target="711374A3-4773-40DB-0EEE-D480FC3D0E7B">
<hideElementsInCurrentOnly>false</hideElementsInCurrentOnly>
<backgroundColor>-16777216</backgroundColor>
<lineWidth>1</lineWidth>
<points>
<point x="393" y="429"/>
<point x="554" y="429"/>
</points>
</Connector>
<Connector class="oracle.dbtools.crest.swingui.relational.TVFKRelation" oid="989CD926-AE3A-30E9-6DA5-BF37DB0AE37C" otype="FKIndexAssociation" vid_source="FE3DD51A-FA50-3B36-A575-03A5B89FB805" vid_target="80B532FF-A8FB-9189-4A65-9AB26777F209">
<hideElementsInCurrentOnly>false</hideElementsInCurrentOnly>
<backgroundColor>-16777216</backgroundColor>
<lineWidth>1</lineWidth>
<points>
<point x="242" y="247"/>
<point x="242" y="372"/>
</points>
</Connector>
<Connector class="oracle.dbtools.crest.swingui.relational.TVFKRelation" oid="A169AAB4-1014-FDE2-4855-83CC3A208F5E" otype="FKIndexAssociation" vid_source="711374A3-4773-40DB-0EEE-D480FC3D0E7B" vid_target="CD589C50-4C22-4278-9E29-3F3D3E33405A">
<hideElementsInCurrentOnly>false</hideElementsInCurrentOnly>
<backgroundColor>-16777216</backgroundColor>
<lineWidth>1</lineWidth>
<points>
<point x="682" y="346"/>
<point x="682" y="245"/>
</points>
</Connector>
</connectors>
</Diagram>