<?xml version = '1.0' encoding = 'UTF-8'?>
<relationalModel class="oracle.dbtools.crest.model.design.relational.RelationalDesign" name="Relational_1" id="BB80A69B-FA71-B68B-BBC3-1FCB65057418" mainViewID="0BAACE91-4CDB-8A6C-E745-1EA7A3F1C47D">
<createdBy>lilianatapia</createdBy>
<createdTime>2024-09-21 01:43:26 UTC</createdTime>
<ownerDesignName>Municipalidad_valdivia</ownerDesignName>
<shouldBeOpen>false</shouldBeOpen>
<selectedRDBMSSite>32076570-2523-435C-2E92-BF29817DFF70</selectedRDBMSSite>
</relationalModel>