<?xml version = '1.0' encoding = 'UTF-8'?>
<Diagram class="oracle.dbtools.crest.swingui.logical.DPVLogical" name="Logical" id="661DFC1F-8B26-2A64-9DF5-F7DC799F314D">
<createdBy>lilianatapia</createdBy>
<modifiedBy>lilianatapia</modifiedBy>
<createdTime>2024-09-21 01:34:11 UTC</createdTime>
<autoRoute>false</autoRoute>
<boxInbox>true</boxInbox>
<showLegend>false</showLegend>
<showLabels>false</showLabels>
<showRelAttributes>false</showRelAttributes>
<gridEnabled>false</gridEnabled>
<showGrid>false</showGrid>
<diagramColor>-1</diagramColor>
<display>false</display>
<notation>1</notation>
<objectViews>
<OView class="oracle.dbtools.crest.swingui.logical.TVEntity" oid="00FB08BF-4759-A192-86F1-66EA23BCEBD1" otype="Entity" vid="26052742-A488-7F75-2F0B-3EEC166EC0CA">
<hideElementsInCurrentOnly>false</hideElementsInCurrentOnly>
<bounds x="121" y="276" width="172" height="182"/>
</OView>
<OView class="oracle.dbtools.crest.swingui.logical.TVEntity" oid="1B74ACB6-B616-E453-693A-7B5EBCFA43BE" otype="Entity" vid="FBB2F4FB-D083-A404-45D8-D0AD89FE87A1">
<hideElementsInCurrentOnly>false</hideElementsInCurrentOnly>
<bounds x="367" y="54" width="230" height="160"/>
</OView>
<OView class="oracle.dbtools.crest.swingui.logical.TVEntity" oid="60CC1D11-754B-2F86-25E8-20B25CAFD9D7" otype="Entity" vid="EA46C6BB-FD56-9895-E39D-28CFDE05328C">
<hideElementsInCurrentOnly>false</hideElementsInCurrentOnly>
<bounds x="114" y="53" width="179" height="162"/>
</OView>
<OView class="oracle.dbtools.crest.swingui.logical.TVEntity" oid="6B31AE0B-CBB6-D729-918D-890D234E0AFE" otype="Entity" vid="5083FB28-D925-6388-0F4E-1A78CDB7B164">
<hideElementsInCurrentOnly>false</hideElementsInCurrentOnly>
<bounds x="379" y="282" width="229" height="176"/>
</OView>
</objectViews>
<connectors>
<Connector class="oracle.dbtools.crest.swingui.logical.TVRelation" oid="3F25382B-5418-98D2-2C07-42B3A5BABC68" otype="Relation" vid_source="5083FB28-D925-6388-0F4E-1A78CDB7B164" vid_target="FBB2F4FB-D083-A404-45D8-D0AD89FE87A1">
<hideElementsInCurrentOnly>false</hideElementsInCurrentOnly>
<backgroundColor>-16777216</backgroundColor>
<lineWidth>1</lineWidth>
<points>
<point x="488" y="282"/>
<point x="488" y="214"/>
</points>
</Connector>
<Connector class="oracle.dbtools.crest.swingui.logical.TVRelation" oid="486EF22D-EF6B-5771-C324-D9BC5246EAC4" otype="Relation" vid_source="5083FB28-D925-6388-0F4E-1A78CDB7B164" vid_target="26052742-A488-7F75-2F0B-3EEC166EC0CA">
<hideElementsInCurrentOnly>false</hideElementsInCurrentOnly>
<backgroundColor>-16777216</backgroundColor>
<lineWidth>1</lineWidth>
<points>
<point x="379" y="370"/>
<point x="293" y="370"/>
</points>
</Connector>
<Connector class="oracle.dbtools.crest.swingui.logical.TVRelation" oid="B0FEB14B-BB3A-D466-88AF-D15578250AD0" otype="Relation" vid_source="26052742-A488-7F75-2F0B-3EEC166EC0CA" vid_target="EA46C6BB-FD56-9895-E39D-28CFDE05328C">
<hideElementsInCurrentOnly>false</hideElementsInCurrentOnly>
<backgroundColor>-16777216</backgroundColor>
<lineWidth>1</lineWidth>
<points>
<point x="207" y="276"/>
<point x="207" y="215"/>
</points>
</Connector>
</connectors>
</Diagram>