<?xml version = '1.0' encoding = 'UTF-8'?>
<Relation class="oracle.dbtools.crest.model.design.logical.Relation" name="Relation_4" directorySegmentName="seg_0" id="3F25382B-5418-98D2-2C07-42B3A5BABC68">
<createdBy>lilianatapia</createdBy>
<createdTime>2024-09-21 01:42:32 UTC</createdTime>
<ownerDesignName>Municipalidad_valdivia</ownerDesignName>
<engineerTo>
<item key="BB80A69B-FA71-B68B-BBC3-1FCB65057418" value="true"/>
</engineerTo>
<sourcePk>9B91191B-AA5E-31F5-48DC-C1046CAFFA09</sourcePk>
<identifying>false</identifying>
<optionalSource>false</optionalSource>
<optionalTarget>false</optionalTarget>
<sourceCardinality>1</sourceCardinality>
<sourceEntity>6B31AE0B-CBB6-D729-918D-890D234E0AFE</sourceEntity>
<targetCardinalityString>*</targetCardinalityString>
<targetEntity>1B74ACB6-B616-E453-693A-7B5EBCFA43BE</targetEntity>
<transferable>true</transferable>
<deleteRule>NO ACTION</deleteRule>
</Relation>