<?xml version = '1.0' encoding = 'UTF-8'?>
<Relation class="oracle.dbtools.crest.model.design.logical.Relation" name="Relation_3" directorySegmentName="seg_0" id="486EF22D-EF6B-5771-C324-D9BC5246EAC4">
<createdBy>lilianatapia</createdBy>
<createdTime>2024-09-21 01:42:21 UTC</createdTime>
<ownerDesignName>Municipalidad_valdivia</ownerDesignName>
<engineerTo>
<item key="BB80A69B-FA71-B68B-BBC3-1FCB65057418" value="true"/>
</engineerTo>
<sourcePk>9B91191B-AA5E-31F5-48DC-C1046CAFFA09</sourcePk>
<targetPk>B199B4A9-D9E0-CBF2-74D7-5AF2C5F61ED7</targetPk>
<identifying>false</identifying>
<optionalSource>false</optionalSource>
<optionalTarget>false</optionalTarget>
<sourceCardinality>*</sourceCardinality>
<sourceEntity>6B31AE0B-CBB6-D729-918D-890D234E0AFE</sourceEntity>
<targetCardinalityString>1</targetCardinalityString>
<targetEntity>00FB08BF-4759-A192-86F1-66EA23BCEBD1</targetEntity>
<transferable>true</transferable>
<deleteRule>NO ACTION</deleteRule>
</Relation>