<?xml version = '1.0' encoding = 'UTF-8'?>
<Relation class="oracle.dbtools.crest.model.design.logical.Relation" name="Relation_2" directorySegmentName="seg_0" id="B0FEB14B-BB3A-D466-88AF-D15578250AD0">
<createdBy>lilianatapia</createdBy>
<createdTime>2024-09-21 01:41:51 UTC</createdTime>
<ownerDesignName>Municipalidad_valdivia</ownerDesignName>
<engineerTo>
<item key="BB80A69B-FA71-B68B-BBC3-1FCB65057418" value="true"/>
</engineerTo>
<sourcePk>B199B4A9-D9E0-CBF2-74D7-5AF2C5F61ED7</sourcePk>
<targetPk>237B32BA-CC62-E061-B7A8-BB1A5F81CCB4</targetPk>
<identifying>false</identifying>
<optionalSource>false</optionalSource>
<optionalTarget>false</optionalTarget>
<sourceCardinality>*</sourceCardinality>
<sourceEntity>00FB08BF-4759-A192-86F1-66EA23BCEBD1</sourceEntity>
<targetCardinalityString>1</targetCardinalityString>
<targetEntity>60CC1D11-754B-2F86-25E8-20B25CAFD9D7</targetEntity>
<transferable>true</transferable>
<deleteRule>NO ACTION</deleteRule>
</Relation>