<?xml version = '1.0' encoding = 'UTF-8'?>
<Entity class="oracle.dbtools.crest.model.design.logical.Entity" directorySegmentName="seg_0" id="00FB08BF-4759-A192-86F1-66EA23BCEBD1" name="CIUDAD">
<createdBy>lilianatapia</createdBy>
<createdTime>2024-09-21 01:34:28 UTC</createdTime>
<ownerDesignName>Municipalidad_valdivia</ownerDesignName>
<engineerTo>
<item key="BB80A69B-FA71-B68B-BBC3-1FCB65057418" value="true"/>
</engineerTo>
<adequatelyNormalized>NO</adequatelyNormalized>
<expectedVolumes>0</expectedVolumes>
<fwdEngineeringStrategyName>Single Table</fwdEngineeringStrategyName>
<growthPercent>0</growthPercent>
<growthType>Year</growthType>
<maxVolumes>9999999</maxVolumes>
<minVolumes>0</minVolumes>
<normalForm>Third</normalForm>
<attributes itemClass="oracle.dbtools.crest.model.design.logical.Attribute">
<Attribute name="id_ciudad" id="2615B61F-3A3C-BC77-E86B-26EDB4D30A80">
<createdBy>lilianatapia</createdBy>
<createdTime>2024-09-21 01:37:52 UTC</createdTime>
<ownerDesignName>Municipalidad_valdivia</ownerDesignName>
<engineerTo>
<item key="BB80A69B-FA71-B68B-BBC3-1FCB65057418" value="true"/>
</engineerTo>
<useDomainConstraints>false</useDomainConstraints>
<use>1</use>
<logicalDatatype>LOGDT011</logicalDatatype>
<ownDataTypeParameters>,,</ownDataTypeParameters>
</Attribute>
<Attribute name="nombre_ciudad" id="334679B3-9B5D-31CA-32A9-9C13564D5419">
<createdBy>lilianatapia</createdBy>
<createdTime>2024-09-21 01:38:19 UTC</createdTime>
<ownerDesignName>Municipalidad_valdivia</ownerDesignName>
<engineerTo>
<item key="BB80A69B-FA71-B68B-BBC3-1FCB65057418" value="true"/>
</engineerTo>
<useDomainConstraints>false</useDomainConstraints>
<use>1</use>
<logicalDatatype>LOGDT024</logicalDatatype>
<dataTypeSize>50 BYTE</dataTypeSize>
<ownDataTypeParameters>50 BYTE,,</ownDataTypeParameters>
</Attribute>
<Attribute name="id_region" id="9931FAFF-A489-AF5B-56E3-952016858682">
<createdBy>lilianatapia</createdBy>
<createdTime>2024-09-21 01:43:32 UTC</createdTime>
<generatorID>B0FEB14B-BB3A-D466-88AF-D15578250AD0</generatorID>
<ownerDesignName>Municipalidad_valdivia</ownerDesignName>
<engineerTo>
<item key="BB80A69B-FA71-B68B-BBC3-1FCB65057418" value="true"/>
</engineerTo>
<referedAttribute>47603D8B-03D9-9962-C6D3-F1106EC36840</referedAttribute>
<useDomainConstraints>false</useDomainConstraints>
<use>1</use>
<logicalDatatype>LOGDT011</logicalDatatype>
<ownDataTypeParameters>,,</ownDataTypeParameters>
</Attribute>
</attributes>
<identifiers itemClass="oracle.dbtools.crest.model.design.logical.CandidateKey">
<identifier id="B199B4A9-D9E0-CBF2-74D7-5AF2C5F61ED7" name="CIUDAD PK">
<createdBy>lilianatapia</createdBy>
<createdTime>2024-09-21 01:38:17 UTC</createdTime>
<ownerDesignName>Municipalidad_valdivia</ownerDesignName>
<engineerTo>
<item key="BB80A69B-FA71-B68B-BBC3-1FCB65057418" value="true"/>
</engineerTo>
<pk>true</pk>
<usedAttributes>
<attributeRef>2615B61F-3A3C-BC77-E86B-26EDB4D30A80</attributeRef>
</usedAttributes>
</identifier>
</identifiers>
</Entity>