<?xml version = '1.0' encoding = 'UTF-8'?>
<Entity class="oracle.dbtools.crest.model.design.logical.Entity" directorySegmentName="seg_0" id="1B74ACB6-B616-E453-693A-7B5EBCFA43BE" name="EMPLEADO">
<createdBy>lilianatapia</createdBy>
<createdTime>2024-09-21 01:34:35 UTC</createdTime>
<ownerDesignName>Municipalidad_valdivia</ownerDesignName>
<engineerTo>
<item key="BB80A69B-FA71-B68B-BBC3-1FCB65057418" value="true"/>
</engineerTo>
<adequatelyNormalized>NO</adequatelyNormalized>
<expectedVolumes>0</expectedVolumes>
<fwdEngineeringStrategyName>Single Table</fwdEngineeringStrategyName>
<growthPercent>0</growthPercent>
<growthType>Year</growthType>
<maxVolumes>9999999</maxVolumes>
<minVolumes>0</minVolumes>
<normalForm>Third</normalForm>
<attributes itemClass="oracle.dbtools.crest.model.design.logical.Attribute">
<Attribute name="id_empleado" id="74C59406-C136-7482-A62B-02E0FD9C58D5">
<createdBy>lilianatapia</createdBy>
<createdTime>2024-09-21 01:39:50 UTC</createdTime>
<ownerDesignName>Municipalidad_valdivia</ownerDesignName>
<engineerTo>
<item key="BB80A69B-FA71-B68B-BBC3-1FCB65057418" value="true"/>
</engineerTo>
<useDomainConstraints>false</useDomainConstraints>
<use>1</use>
<logicalDatatype>LOGDT011</logicalDatatype>
<ownDataTypeParameters>,,</ownDataTypeParameters>
</Attribute>
<Attribute name="rut_empelado" id="6F47824B-BCE6-3B11-2853-8536BB9C5894">
<createdBy>lilianatapia</createdBy>
<createdTime>2024-09-21 01:40:10 UTC</createdTime>
<ownerDesignName>Municipalidad_valdivia</ownerDesignName>
<engineerTo>
<item key="BB80A69B-FA71-B68B-BBC3-1FCB65057418" value="true"/>
</engineerTo>
<useDomainConstraints>false</useDomainConstraints>
<use>1</use>
<logicalDatatype>LOGDT024</logicalDatatype>
<dataTypeSize>10 BYTE</dataTypeSize>
<ownDataTypeParameters>10 BYTE,,</ownDataTypeParameters>
</Attribute>
<Attribute name="nombre" id="66922F45-2AC5-CC2B-4401-8F7BC4C3953A">
<createdBy>lilianatapia</createdBy>
<createdTime>2024-09-21 01:40:42 UTC</createdTime>
<ownerDesignName>Municipalidad_valdivia</ownerDesignName>
<engineerTo>
<item key="BB80A69B-FA71-B68B-BBC3-1FCB65057418" value="true"/>
</engineerTo>
<useDomainConstraints>false</useDomainConstraints>
<use>1</use>
<logicalDatatype>LOGDT024</logicalDatatype>
<dataTypeSize>50 BYTE</dataTypeSize>
<ownDataTypeParameters>50 BYTE,,</ownDataTypeParameters>
</Attribute>
<Attribute name="telefono" id="390B1C9B-FFB4-90B7-3E3A-A2134777B254">
<createdBy>lilianatapia</createdBy>
<createdTime>2024-09-21 01:41:01 UTC</createdTime>
<ownerDesignName>Municipalidad_valdivia</ownerDesignName>
<engineerTo>
<item key="BB80A69B-FA71-B68B-BBC3-1FCB65057418" value="true"/>
</engineerTo>
<useDomainConstraints>false</useDomainConstraints>
<use>1</use>
<logicalDatatype>LOGDT011</logicalDatatype>
<ownDataTypeParameters>,,</ownDataTypeParameters>
</Attribute>
<Attribute name="sueldo" id="2BC6AFE0-EFA3-B5E2-43F5-FDFF14F4D4AE">
<createdBy>lilianatapia</createdBy>
<createdTime>2024-09-21 01:41:11 UTC</createdTime>
<ownerDesignName>Municipalidad_valdivia</ownerDesignName>
<engineerTo>
<item key="BB80A69B-FA71-B68B-BBC3-1FCB65057418" value="true"/>
</engineerTo>
<useDomainConstraints>false</useDomainConstraints>
<use>1</use>
<logicalDatatype>LOGDT011</logicalDatatype>
<ownDataTypeParameters>,,</ownDataTypeParameters>
</Attribute>
<Attribute name="codigo_comuna" id="445E97F6-EA8F-910E-982B-B394EC336E00">
<createdBy>lilianatapia</createdBy>
<createdTime>2024-09-21 01:42:32 UTC</createdTime>
<generatorID>3F25382B-5418-98D2-2C07-42B3A5BABC68</generatorID>
<ownerDesignName>Municipalidad_valdivia</ownerDesignName>
<engineerTo>
<item key="BB80A69B-FA71-B68B-BBC3-1FCB65057418" value="true"/>
</engineerTo>
<referedAttribute>6FF29457-8FD9-5A74-D9C7-EBAAAD22F5F2</referedAttribute>
<useDomainConstraints>false</useDomainConstraints>
<use>1</use>
<logicalDatatype>LOGDT011</logicalDatatype>
<ownDataTypeParameters>,,</ownDataTypeParameters>
</Attribute>
</attributes>
<identifiers itemClass="oracle.dbtools.crest.model.design.logical.CandidateKey">
<identifier id="E444536C-DE64-8B29-A196-16686FEC14F7" name="EMPLEADO PK">
<createdBy>lilianatapia</createdBy>
<createdTime>2024-09-21 01:40:08 UTC</createdTime>
<ownerDesignName>Municipalidad_valdivia</ownerDesignName>
<engineerTo>
<item key="BB80A69B-FA71-B68B-BBC3-1FCB65057418" value="true"/>
</engineerTo>
<pk>true</pk>
<usedAttributes>
<attributeRef>74C59406-C136-7482-A62B-02E0FD9C58D5</attributeRef>
</usedAttributes>
</identifier>
</identifiers>
</Entity>