<?xml version = '1.0' encoding = 'UTF-8'?>
<Entity class="oracle.dbtools.crest.model.design.logical.Entity" directorySegmentName="seg_0" id="60CC1D11-754B-2F86-25E8-20B25CAFD9D7" name="REGION">
<createdBy>lilianatapia</createdBy>
<createdTime>2024-09-21 01:34:11 UTC</createdTime>
<ownerDesignName>Municipalidad_valdivia</ownerDesignName>
<engineerTo>
<item key="BB80A69B-FA71-B68B-BBC3-1FCB65057418" value="true"/>
</engineerTo>
<adequatelyNormalized>NO</adequatelyNormalized>
<expectedVolumes>0</expectedVolumes>
<fwdEngineeringStrategyName>Single Table</fwdEngineeringStrategyName>
<growthPercent>0</growthPercent>
<growthType>Year</growthType>
<maxVolumes>9999999</maxVolumes>
<minVolumes>0</minVolumes>
<normalForm>Third</normalForm>
<attributes itemClass="oracle.dbtools.crest.model.design.logical.Attribute">
<Attribute name="id_region" id="47603D8B-03D9-9962-C6D3-F1106EC36840">
<createdBy>lilianatapia</createdBy>
<createdTime>2024-09-21 01:35:47 UTC</createdTime>
<ownerDesignName>Municipalidad_valdivia</ownerDesignName>
<engineerTo>
<item key="BB80A69B-FA71-B68B-BBC3-1FCB65057418" value="true"/>
</engineerTo>
<useDomainConstraints>false</useDomainConstraints>
<use>1</use>
<logicalDatatype>LOGDT011</logicalDatatype>
<ownDataTypeParameters>,,</ownDataTypeParameters>
</Attribute>
<Attribute name="nombre_region" id="33143EF2-49C7-FD78-5864-0506A855E22B">
<createdBy>lilianatapia</createdBy>
<createdTime>2024-09-21 01:36:36 UTC</createdTime>
<ownerDesignName>Municipalidad_valdivia</ownerDesignName>
<engineerTo>
<item key="BB80A69B-FA71-B68B-BBC3-1FCB65057418" value="true"/>
</engineerTo>
<useDomainConstraints>false</useDomainConstraints>
<use>1</use>
<logicalDatatype>LOGDT024</logicalDatatype>
<dataTypeSize>50 BYTE</dataTypeSize>
<ownDataTypeParameters>50 BYTE,,</ownDataTypeParameters>
</Attribute>
</attributes>
<identifiers itemClass="oracle.dbtools.crest.model.design.logical.CandidateKey">
<identifier id="237B32BA-CC62-E061-B7A8-BB1A5F81CCB4" name="REGION PK">
<createdBy>lilianatapia</createdBy>
<createdTime>2024-09-21 01:36:33 UTC</createdTime>
<ownerDesignName>Municipalidad_valdivia</ownerDesignName>
<engineerTo>
<item key="BB80A69B-FA71-B68B-BBC3-1FCB65057418" value="true"/>
</engineerTo>
<pk>true</pk>
<usedAttributes>
<attributeRef>47603D8B-03D9-9962-C6D3-F1106EC36840</attributeRef>
</usedAttributes>
</identifier>
</identifiers>
</Entity>