<?xml version = '1.0' encoding = 'UTF-8'?>
<Entity class="oracle.dbtools.crest.model.design.logical.Entity" directorySegmentName="seg_0" id="6B31AE0B-CBB6-D729-918D-890D234E0AFE" name="COMUNA">
<createdBy>lilianatapia</createdBy>
<createdTime>2024-09-21 01:34:42 UTC</createdTime>
<ownerDesignName>Municipalidad_valdivia</ownerDesignName>
<engineerTo>
<item key="BB80A69B-FA71-B68B-BBC3-1FCB65057418" value="true"/>
</engineerTo>
<adequatelyNormalized>NO</adequatelyNormalized>
<expectedVolumes>0</expectedVolumes>
<fwdEngineeringStrategyName>Single Table</fwdEngineeringStrategyName>
<growthPercent>0</growthPercent>
<growthType>Year</growthType>
<maxVolumes>9999999</maxVolumes>
<minVolumes>0</minVolumes>
<normalForm>Third</normalForm>
<attributes itemClass="oracle.dbtools.crest.model.design.logical.Attribute">
<Attribute name="codigo_comuna" id="6FF29457-8FD9-5A74-D9C7-EBAAAD22F5F2">
<createdBy>lilianatapia</createdBy>
<createdTime>2024-09-21 01:38:59 UTC</createdTime>
<ownerDesignName>Municipalidad_valdivia</ownerDesignName>
<engineerTo>
<item key="BB80A69B-FA71-B68B-BBC3-1FCB65057418" value="true"/>
</engineerTo>
<useDomainConstraints>false</useDomainConstraints>
<use>1</use>
<logicalDatatype>LOGDT011</logicalDatatype>
<ownDataTypeParameters>,,</ownDataTypeParameters>
</Attribute>
<Attribute name="nombre_comuna" id="F261C3C9-C677-7FB8-697F-2BEDA6C04A16">
<createdBy>lilianatapia</createdBy>
<createdTime>2024-09-21 01:39:20 UTC</createdTime>
<ownerDesignName>Municipalidad_valdivia</ownerDesignName>
<engineerTo>
<item key="BB80A69B-FA71-B68B-BBC3-1FCB65057418" value="true"/>
</engineerTo>
<useDomainConstraints>false</useDomainConstraints>
<use>1</use>
<logicalDatatype>LOGDT024</logicalDatatype>
<dataTypeSize>50 BYTE</dataTypeSize>
<ownDataTypeParameters>50 BYTE,,</ownDataTypeParameters>
</Attribute>
<Attribute name="id_ciudad" id="D6A5450F-FF80-9C48-26ED-945C11B7FF5D">
<createdBy>lilianatapia</createdBy>
<createdTime>2024-09-21 01:43:46 UTC</createdTime>
<generatorID>486EF22D-EF6B-5771-C324-D9BC5246EAC4</generatorID>
<ownerDesignName>Municipalidad_valdivia</ownerDesignName>
<engineerTo>
<item key="BB80A69B-FA71-B68B-BBC3-1FCB65057418" value="true"/>
</engineerTo>
<referedAttribute>2615B61F-3A3C-BC77-E86B-26EDB4D30A80</referedAttribute>
<useDomainConstraints>false</useDomainConstraints>
<use>1</use>
<logicalDatatype>LOGDT011</logicalDatatype>
<ownDataTypeParameters>,,</ownDataTypeParameters>
</Attribute>
</attributes>
<identifiers itemClass="oracle.dbtools.crest.model.design.logical.CandidateKey">
<identifier id="9B91191B-AA5E-31F5-48DC-C1046CAFFA09" name="COMUNA PK">
<createdBy>lilianatapia</createdBy>
<createdTime>2024-09-21 01:39:17 UTC</createdTime>
<ownerDesignName>Municipalidad_valdivia</ownerDesignName>
<engineerTo>
<item key="BB80A69B-FA71-B68B-BBC3-1FCB65057418" value="true"/>
</engineerTo>
<pk>true</pk>
<usedAttributes>
<attributeRef>6FF29457-8FD9-5A74-D9C7-EBAAAD22F5F2</attributeRef>
</usedAttributes>
</identifier>
</identifiers>
</Entity>