<?xml version = '1.0' encoding = 'UTF-8'?>
<Table class="oracle.dbtools.crest.model.design.relational.Table" directorySegmentName="seg_0" id="8A2FEB8D-4312-342B-2A8A-9640A2FB9914" name="CIUDAD">
<createdBy>lilianatapia</createdBy>
<createdTime>2024-09-21 01:43:54 UTC</createdTime>
<generatorID>00FB08BF-4759-A192-86F1-66EA23BCEBD1</generatorID>
<ownerDesignName>Municipalidad_valdivia</ownerDesignName>
<allowColumnReorder>false</allowColumnReorder>
<existDependencyGenerateInDDl>true</existDependencyGenerateInDDl>
<parsed>true</parsed>
<columns itemClass="oracle.dbtools.crest.model.design.relational.Column">
<Column name="id_ciudad" id="738BE00B-CA54-837A-2CA6-CE228EC8FE05">
<createdBy>lilianatapia</createdBy>
<createdTime>2024-09-21 01:43:54 UTC</createdTime>
<generatorID>2615B61F-3A3C-BC77-E86B-26EDB4D30A80</generatorID>
<ownerDesignName>Municipalidad_valdivia</ownerDesignName>
<useDomainConstraints>false</useDomainConstraints>
<use>1</use>
<logicalDatatype>LOGDT011</logicalDatatype>
<ownDataTypeParameters>,,</ownDataTypeParameters>
<autoIncrementCycle>false</autoIncrementCycle>
</Column>
<Column name="nombre_ciudad" id="6F311E7F-92A6-C240-3CEB-33D37DEAF91D">
<createdBy>lilianatapia</createdBy>
<createdTime>2024-09-21 01:43:54 UTC</createdTime>
<generatorID>334679B3-9B5D-31CA-32A9-9C13564D5419</generatorID>
<ownerDesignName>Municipalidad_valdivia</ownerDesignName>
<useDomainConstraints>false</useDomainConstraints>
<use>1</use>
<logicalDatatype>LOGDT024</logicalDatatype>
<dataTypeSize>50 BYTE</dataTypeSize>
<ownDataTypeParameters>50 BYTE,,</ownDataTypeParameters>
<autoIncrementCycle>false</autoIncrementCycle>
</Column>
<Column name="REGION_id_region" id="BC8489FA-5897-1BD1-F01B-7BFCAA66B3EE">
<createdBy>lilianatapia</createdBy>
<createdTime>2024-09-21 01:43:54 UTC</createdTime>
<generatorID>9931FAFF-A489-AF5B-56E3-952016858682</generatorID>
<ownerDesignName>Municipalidad_valdivia</ownerDesignName>
<useDomainConstraints>false</useDomainConstraints>
<use>1</use>
<logicalDatatype>LOGDT011</logicalDatatype>
<ownDataTypeParameters>,,</ownDataTypeParameters>
<previousColumn>false</previousColumn>
<autoIncrementCycle>false</autoIncrementCycle>
<associations>
<colAssociation fkAssociation="989CD926-AE3A-30E9-6DA5-BF37DB0AE37C" referredColumn="95F72600-24D0-0E94-4816-66E6E7DFF9B0"/>
</associations>
</Column>
</columns>
<indexes itemClass="oracle.dbtools.crest.model.design.relational.Index">
<ind_PK_UK id="F0ED5957-A187-FAD5-3EDE-E08A41258643" name="CIUDAD_PK">
<createdBy>lilianatapia</createdBy>
<createdTime>2024-09-21 01:43:54 UTC</createdTime>
<generatorID>B199B4A9-D9E0-CBF2-74D7-5AF2C5F61ED7</generatorID>
<ownerDesignName>Municipalidad_valdivia</ownerDesignName>
<pk>true</pk>
<indexState>Primary Constraint</indexState>
<isSurrogateKey>false</isSurrogateKey>
<indexColumnUsage>
<colUsage columnID="738BE00B-CA54-837A-2CA6-CE228EC8FE05"/>
</indexColumnUsage>
</ind_PK_UK>
<ind_PK_UK id="AECAA52B-3F95-D8C4-2F9D-7ADAAEB5B40E" name="CIUDAD_REGION_FK">
<createdBy>lilianatapia</createdBy>
<createdTime>2024-09-21 01:43:55 UTC</createdTime>
<generatorID>B0FEB14B-BB3A-D466-88AF-D15578250AD0</generatorID>
<ownerDesignName>Municipalidad_valdivia</ownerDesignName>
<indexState>Foreign Key</indexState>
<isSurrogateKey>false</isSurrogateKey>
<indexColumnUsage>
<colUsage columnID="BC8489FA-5897-1BD1-F01B-7BFCAA66B3EE"/>
</indexColumnUsage>
</ind_PK_UK>
</indexes>
</Table>