<?xml version = '1.0' encoding = 'UTF-8'?>
<Table class="oracle.dbtools.crest.model.design.relational.Table" directorySegmentName="seg_0" id="8A76C466-4066-4C6E-0E4E-B505213AA04E" name="COMUNA">
<createdBy>lilianatapia</createdBy>
<createdTime>2024-09-21 01:43:54 UTC</createdTime>
<generatorID>6B31AE0B-CBB6-D729-918D-890D234E0AFE</generatorID>
<ownerDesignName>Municipalidad_valdivia</ownerDesignName>
<allowColumnReorder>false</allowColumnReorder>
<existDependencyGenerateInDDl>true</existDependencyGenerateInDDl>
<parsed>true</parsed>
<columns itemClass="oracle.dbtools.crest.model.design.relational.Column">
<Column name="codigo_comuna" id="D2317FD6-4CC4-A742-C6EB-7938D50C3072">
<createdBy>lilianatapia</createdBy>
<createdTime>2024-09-21 01:43:54 UTC</createdTime>
<generatorID>6FF29457-8FD9-5A74-D9C7-EBAAAD22F5F2</generatorID>
<ownerDesignName>Municipalidad_valdivia</ownerDesignName>
<useDomainConstraints>false</useDomainConstraints>
<use>1</use>
<logicalDatatype>LOGDT011</logicalDatatype>
<ownDataTypeParameters>,,</ownDataTypeParameters>
<autoIncrementCycle>false</autoIncrementCycle>
</Column>
<Column name="nombre_comuna" id="4744ED44-0276-9365-CEFA-5F78A6994C98">
<createdBy>lilianatapia</createdBy>
<createdTime>2024-09-21 01:43:54 UTC</createdTime>
<generatorID>F261C3C9-C677-7FB8-697F-2BEDA6C04A16</generatorID>
<ownerDesignName>Municipalidad_valdivia</ownerDesignName>
<useDomainConstraints>false</useDomainConstraints>
<use>1</use>
<logicalDatatype>LOGDT024</logicalDatatype>
<dataTypeSize>50 BYTE</dataTypeSize>
<ownDataTypeParameters>50 BYTE,,</ownDataTypeParameters>
<autoIncrementCycle>false</autoIncrementCycle>
</Column>
<Column name="CIUDAD_id_ciudad" id="0EE1185F-EEE8-6620-60DE-64BFC2584575">
<createdBy>lilianatapia</createdBy>
<createdTime>2024-09-21 01:43:54 UTC</createdTime>
<generatorID>D6A5450F-FF80-9C48-26ED-945C11B7FF5D</generatorID>
<ownerDesignName>Municipalidad_valdivia</ownerDesignName>
<useDomainConstraints>false</useDomainConstraints>
<use>1</use>
<logicalDatatype>LOGDT011</logicalDatatype>
<ownDataTypeParameters>,,</ownDataTypeParameters>
<previousColumn>false</previousColumn>
<autoIncrementCycle>false</autoIncrementCycle>
<associations>
<colAssociation fkAssociation="32A268D3-10E2-4BD6-688E-730504DA1BE7" referredColumn="738BE00B-CA54-837A-2CA6-CE228EC8FE05"/>
</associations>
</Column>
</columns>
<indexes itemClass="oracle.dbtools.crest.model.design.relational.Index">
<ind_PK_UK id="BEFAA168-084B-7049-F306-1D84F7CA22B8" name="COMUNA_PK">
<createdBy>lilianatapia</createdBy>
<createdTime>2024-09-21 01:43:54 UTC</createdTime>
<generatorID>9B91191B-AA5E-31F5-48DC-C1046CAFFA09</generatorID>
<ownerDesignName>Municipalidad_valdivia</ownerDesignName>
<pk>true</pk>
<indexState>Primary Constraint</indexState>
<isSurrogateKey>false</isSurrogateKey>
<indexColumnUsage>
<colUsage columnID="D2317FD6-4CC4-A742-C6EB-7938D50C3072"/>
</indexColumnUsage>
</ind_PK_UK>
<ind_PK_UK id="59621F4C-97AB-33AC-A710-B772E89D7F5A" name="COMUNA_CIUDAD_FK">
<createdBy>lilianatapia</createdBy>
<createdTime>2024-09-21 01:43:55 UTC</createdTime>
<generatorID>486EF22D-EF6B-5771-C324-D9BC5246EAC4</generatorID>
<ownerDesignName>Municipalidad_valdivia</ownerDesignName>
<indexState>Foreign Key</indexState>
<isSurrogateKey>false</isSurrogateKey>
<indexColumnUsage>
<colUsage columnID="0EE1185F-EEE8-6620-60DE-64BFC2584575"/>
</indexColumnUsage>
</ind_PK_UK>
</indexes>
</Table>