<?xml version = '1.0' encoding = 'UTF-8'?>
<Table class="oracle.dbtools.crest.model.design.relational.Table" directorySegmentName="seg_0" id="B9B0B003-52AC-45AE-C5B4-9ACBB7584595" name="REGION">
<createdBy>lilianatapia</createdBy>
<createdTime>2024-09-21 01:43:54 UTC</createdTime>
<generatorID>60CC1D11-754B-2F86-25E8-20B25CAFD9D7</generatorID>
<ownerDesignName>Municipalidad_valdivia</ownerDesignName>
<allowColumnReorder>false</allowColumnReorder>
<existDependencyGenerateInDDl>true</existDependencyGenerateInDDl>
<parsed>true</parsed>
<columns itemClass="oracle.dbtools.crest.model.design.relational.Column">
<Column name="id_region" id="95F72600-24D0-0E94-4816-66E6E7DFF9B0">
<createdBy>lilianatapia</createdBy>
<createdTime>2024-09-21 01:43:54 UTC</createdTime>
<generatorID>47603D8B-03D9-9962-C6D3-F1106EC36840</generatorID>
<ownerDesignName>Municipalidad_valdivia</ownerDesignName>
<useDomainConstraints>false</useDomainConstraints>
<use>1</use>
<logicalDatatype>LOGDT011</logicalDatatype>
<ownDataTypeParameters>,,</ownDataTypeParameters>
<autoIncrementCycle>false</autoIncrementCycle>
</Column>
<Column name="nombre_region" id="0E04C659-13DC-33DA-DC39-89B126E8D9CA">
<createdBy>lilianatapia</createdBy>
<createdTime>2024-09-21 01:43:54 UTC</createdTime>
<generatorID>33143EF2-49C7-FD78-5864-0506A855E22B</generatorID>
<ownerDesignName>Municipalidad_valdivia</ownerDesignName>
<useDomainConstraints>false</useDomainConstraints>
<use>1</use>
<logicalDatatype>LOGDT024</logicalDatatype>
<dataTypeSize>50 BYTE</dataTypeSize>
<ownDataTypeParameters>50 BYTE,,</ownDataTypeParameters>
<autoIncrementCycle>false</autoIncrementCycle>
</Column>
</columns>
<indexes itemClass="oracle.dbtools.crest.model.design.relational.Index">
<ind_PK_UK id="896493F4-F7C8-3082-DF6A-DF1352A6A9A1" name="REGION_PK">
<createdBy>lilianatapia</createdBy>
<createdTime>2024-09-21 01:43:55 UTC</createdTime>
<generatorID>237B32BA-CC62-E061-B7A8-BB1A5F81CCB4</generatorID>
<ownerDesignName>Municipalidad_valdivia</ownerDesignName>
<pk>true</pk>
<indexState>Primary Constraint</indexState>
<isSurrogateKey>false</isSurrogateKey>
<indexColumnUsage>
<colUsage columnID="95F72600-24D0-0E94-4816-66E6E7DFF9B0"/>
</indexColumnUsage>
</ind_PK_UK>
</indexes>
</Table>