<?xml version = '1.0' encoding = 'UTF-8'?>
<Table class="oracle.dbtools.crest.model.design.relational.Table" directorySegmentName="seg_0" id="D18E549B-24BA-430C-AA37-DF4CA737EBB0" name="EMPLEADO">
<createdBy>lilianatapia</createdBy>
<createdTime>2024-09-21 01:43:54 UTC</createdTime>
<generatorID>1B74ACB6-B616-E453-693A-7B5EBCFA43BE</generatorID>
<ownerDesignName>Municipalidad_valdivia</ownerDesignName>
<allowColumnReorder>false</allowColumnReorder>
<existDependencyGenerateInDDl>true</existDependencyGenerateInDDl>
<parsed>true</parsed>
<columns itemClass="oracle.dbtools.crest.model.design.relational.Column">
<Column name="id_empleado" id="343098C6-144C-5DDA-4C83-F0011C47A42E">
<createdBy>lilianatapia</createdBy>
<createdTime>2024-09-21 01:43:54 UTC</createdTime>
<generatorID>74C59406-C136-7482-A62B-02E0FD9C58D5</generatorID>
<ownerDesignName>Municipalidad_valdivia</ownerDesignName>
<useDomainConstraints>false</useDomainConstraints>
<use>1</use>
<logicalDatatype>LOGDT011</logicalDatatype>
<ownDataTypeParameters>,,</ownDataTypeParameters>
<autoIncrementCycle>false</autoIncrementCycle>
</Column>
<Column name="rut_empelado" id="2777DE26-6668-FE79-D516-F2D1D2CE3009">
<createdBy>lilianatapia</createdBy>
<createdTime>2024-09-21 01:43:54 UTC</createdTime>
<generatorID>6F47824B-BCE6-3B11-2853-8536BB9C5894</generatorID>
<ownerDesignName>Municipalidad_valdivia</ownerDesignName>
<useDomainConstraints>false</useDomainConstraints>
<use>1</use>
<logicalDatatype>LOGDT024</logicalDatatype>
<dataTypeSize>10 BYTE</dataTypeSize>
<ownDataTypeParameters>10 BYTE,,</ownDataTypeParameters>
<autoIncrementCycle>false</autoIncrementCycle>
</Column>
<Column name="nombre" id="F39068FF-DEBA-E0CC-F1B6-DB2CC6493008">
<createdBy>lilianatapia</createdBy>
<createdTime>2024-09-21 01:43:54 UTC</createdTime>
<generatorID>66922F45-2AC5-CC2B-4401-8F7BC4C3953A</generatorID>
<ownerDesignName>Municipalidad_valdivia</ownerDesignName>
<useDomainConstraints>false</useDomainConstraints>
<use>1</use>
<logicalDatatype>LOGDT024</logicalDatatype>
<dataTypeSize>50 BYTE</dataTypeSize>
<ownDataTypeParameters>50 BYTE,,</ownDataTypeParameters>
<autoIncrementCycle>false</autoIncrementCycle>
</Column>
<Column name="telefono" id="C344FA24-D4C0-135B-9C1D-FF1E950D92A9">
<createdBy>lilianatapia</createdBy>
<createdTime>2024-09-21 01:43:54 UTC</createdTime>
<generatorID>390B1C9B-FFB4-90B7-3E3A-A2134777B254</generatorID>
<ownerDesignName>Municipalidad_valdivia</ownerDesignName>
<useDomainConstraints>false</useDomainConstraints>
<use>1</use>
<logicalDatatype>LOGDT011</logicalDatatype>
<ownDataTypeParameters>,,</ownDataTypeParameters>
<autoIncrementCycle>false</autoIncrementCycle>
</Column>
<Column name="sueldo" id="B7315A36-8092-2CD6-0805-446A106FA411">
<createdBy>lilianatapia</createdBy>
<createdTime>2024-09-21 01:43:54 UTC</createdTime>
<generatorID>2BC6AFE0-EFA3-B5E2-43F5-FDFF14F4D4AE</generatorID>
<ownerDesignName>Municipalidad_valdivia</ownerDesignName>
<useDomainConstraints>false</useDomainConstraints>
<use>1</use>
<logicalDatatype>LOGDT011</logicalDatatype>
<ownDataTypeParameters>,,</ownDataTypeParameters>
<autoIncrementCycle>false</autoIncrementCycle>
</Column>
<Column name="COMUNA_codigo_comuna" id="68C87474-FD07-3AE7-3D2F-570C4DFF430B">
<createdBy>lilianatapia</createdBy>
<createdTime>2024-09-21 01:43:54 UTC</createdTime>
<generatorID>445E97F6-EA8F-910E-982B-B394EC336E00</generatorID>
<ownerDesignName>Municipalidad_valdivia</ownerDesignName>
<useDomainConstraints>false</useDomainConstraints>
<use>1</use>
<logicalDatatype>LOGDT011</logicalDatatype>
<ownDataTypeParameters>,,</ownDataTypeParameters>
<previousColumn>false</previousColumn>
<autoIncrementCycle>false</autoIncrementCycle>
<associations>
<colAssociation fkAssociation="A169AAB4-1014-FDE2-4855-83CC3A208F5E" referredColumn="D2317FD6-4CC4-A742-C6EB-7938D50C3072"/>
</associations>
</Column>
</columns>
<indexes itemClass="oracle.dbtools.crest.model.design.relational.Index">
<ind_PK_UK id="73D92617-7DAC-434A-AAA8-6C8403946A07" name="EMPLEADO_PK">
<createdBy>lilianatapia</createdBy>
<createdTime>2024-09-21 01:43:54 UTC</createdTime>
<generatorID>E444536C-DE64-8B29-A196-16686FEC14F7</generatorID>
<ownerDesignName>Municipalidad_valdivia</ownerDesignName>
<pk>true</pk>
<indexState>Primary Constraint</indexState>
<isSurrogateKey>false</isSurrogateKey>
<indexColumnUsage>
<colUsage columnID="343098C6-144C-5DDA-4C83-F0011C47A42E"/>
</indexColumnUsage>
</ind_PK_UK>
<ind_PK_UK id="F4432D3E-2B55-A920-9CFC-94E52C732901" name="EMPLEADO_COMUNA_FK">
<createdBy>lilianatapia</createdBy>
<createdTime>2024-09-21 01:43:55 UTC</createdTime>
<generatorID>3F25382B-5418-98D2-2C07-42B3A5BABC68</generatorID>
<ownerDesignName>Municipalidad_valdivia</ownerDesignName>
<indexState>Foreign Key</indexState>
<isSurrogateKey>false</isSurrogateKey>
<indexColumnUsage>
<colUsage columnID="68C87474-FD07-3AE7-3D2F-570C4DFF430B"/>
</indexColumnUsage>
</ind_PK_UK>
</indexes>
</Table>